_,Id,Name,hed__Account__c,hed__End_Date__c,hed__Grading_Period_Sequence__c,hed__Instructional_Days__c,hed__Parent_Term__c,hed__Start_Date__c,hed__Type__c,Admit_On_Offer_Acceptance_Cutoff_Date__c,Earliest_eStudent_Enrolment_Date__c,External_Key__c,First_eApplication_Date__c,Last_Admission_Date__c,Last_Application_Date__c,Last_Enrolment_Date__c,Last_Offer_Date__c,Last_eApplication_Date__c,Last_eStudent_Enrolment_Date__c,Location__c,Study_Period_Type_Code__c,Study_Period_Type__c,Teaching_Census_Date__c,Year__c
[hed__Term__c],a0P8q000000UidnEAC,QUTeX Products Term,0019n000001yOenAAE,,,,,,,,,,,,,,,,,a0F8q000000JDODEA4,,,,
[hed__Term__c],a0PBn000005MbcLMAS,Test 1,0019n000001yOenAAE,2024-08-31,,,,2024-08-01,Semester,,,,,,,,,,,a0F8q000000JDODEA4,Test,Test,,2024
[hed__Term__c],a0PBn000006INnVMAW,U-2033-SEM-1,0019n000001yOenAAE,,,,,,Study Period,1933-03-11,1932-09-29,,1932-07-01,1933-03-25,1933-03-25,1933-03-22,1933-03-25,1933-02-25,1933-03-25,a0F8q000000JDODEA4,SEM-1,Semester 1,1933-03-25,
[hed__Term__c],a0POm000001KkpsMAC,U-1994-Semester 1,0019n000001yOenAAE,1994-06-30,,,,1994-01-01,Study Period,,,,,,,,,,,a0F8q000000JDODEA4,SEM-1,Semester 1,1994-03-31,1994
[hed__Term__c],a0POm000001KkptMAC,CA-1995-Semester 2,0019n000001yOenAAE,1995-12-31,,,,1995-07-01,Study Period,,1995-07-01,,,1995-08-31,1995-08-31,1995-12-31,1995-08-31,,1995-08-31,a0F8q000000JDODEA4,SEM-2,Semester 2,1995-08-31,1995
[hed__Term__c],a0POm000001KkpuMAC,EX-1995-Semester 2,0019n000001yOenAAE,1995-12-31,,,,1995-07-01,Study Period,,1995-07-01,,,1995-08-31,1995-08-31,1995-12-31,1995-08-31,,1995-08-31,a0F8q000000JDODEA4,SEM-2,Semester 2,1995-08-31,1995
[hed__Term__c],a0POm000001KkpvMAC,IFM-1995-Semester 2,0019n000001yOenAAE,1995-12-31,,,,1995-07-01,Study Period,,1995-07-01,,,1995-08-31,1995-08-31,1995-12-31,1995-08-31,,1995-08-31,a0F8q000000JDODEA4,SEM-2,Semester 2,1995-08-31,1995
[hed__Term__c],a0POm000001KkpwMAC,KG-1995-Summer,0019n000001yOenAAE,1996-02-15,,,,1995-11-01,Study Period,,1995-11-01,,,1995-12-01,1995-12-01,1996-02-15,1995-12-01,,1995-12-01,a0F8q000000JDODEA4,SUM,Summer,1995-12-01,1995
[hed__Term__c],a0POm000001KkpxMAC,MG-1998-Semester 1,0019n000001yOenAAE,1998-06-30,,,,1998-01-01,Study Period,,1998-01-01,,,1998-03-31,1998-03-31,1998-06-30,1998-03-31,,1998-03-31,a0F8q000000JDODEA4,SEM-1,Semester 1,1998-03-31,1998
[hed__Term__c],a0POm000001KkpyMAC,N1-1998-Semester 2,0019n000001yOenAAE,1998-12-31,,,,1998-07-01,Study Period,,1998-07-01,,,1998-08-31,1998-08-31,1998-12-31,1998-08-31,,1998-08-31,a0F8q000000JDODEA4,SEM-2,Semester 2,1998-08-31,1998
[hed__Term__c],a0POm000001KkpzMAC,U-2000-ELP 01,0019n000001yOenAAE,2000-01-31,,,,2000-01-01,Study Period,,,,,,,,,,,a0F8q000000JDODEA4,ELP01,ELP 01,2000-01-31,2000
[hed__Term__c],a0POm000001Kkq0MAC,U-2000-Semester 2,0019n000001yOenAAE,2000-12-31,,,,2000-07-01,Study Period,,,,,,,,,,,a0F8q000000JDODEA4,SEM-2,Semester 2,2000-08-31,2000
[hed__Term__c],a0POm000001Kkq1MAC,U-2000-Summer,0019n000001yOenAAE,2001-02-15,,,,2000-11-01,Study Period,,,,,,,,,,,a0F8q000000JDODEA4,SUM,Summer,2001-02-12,2000
[hed__Term__c],a0POm000001Kkq2MAC,CA-2001-Summer,0019n000001yOenAAE,2002-02-15,,,,2001-11-01,Study Period,,2001-11-01,,,2002-01-31,2002-01-31,2002-02-15,2002-01-31,,2002-01-31,a0F8q000000JDODEA4,SUM,Summer,2002-01-31,2001
[hed__Term__c],a0POm000001Kkq3MAC,GP-2001-Semester 2,0019n000001yOenAAE,2001-12-31,,,,2001-07-01,Study Period,,2001-07-01,,,2001-08-31,2001-08-31,2001-12-31,2001-08-31,,2001-08-31,a0F8q000000JDODEA4,SEM-2,Semester 2,2001-08-31,2001
[hed__Term__c],a0POm000001Kkq4MAC,H1-2001-Semester 2,0019n000001yOenAAE,2001-12-31,,,,2001-07-01,Study Period,,2001-07-01,,,2001-08-31,2001-08-31,2001-12-31,2001-08-31,,2001-08-31,a0F8q000000JDODEA4,SEM-2,Semester 2,2001-08-31,2001
[hed__Term__c],a0POm000001Kkq5MAC,SC-1995-Semester 1,0019n000001yOenAAE,1995-06-30,,,,1995-01-01,Study Period,,1995-01-01,,,1995-03-31,1995-03-31,1995-06-30,1995-03-31,,1995-03-31,a0F8q000000JDODEA4,SEM-1,Semester 1,1995-03-31,1995
[hed__Term__c],a0POm000001Kkq6MAC,SG-1995-Semester 2,0019n000001yOenAAE,1995-12-31,,,,1995-07-01,Study Period,,1995-07-01,,,1995-08-31,1995-08-31,1995-12-31,1995-08-31,,1995-08-31,a0F8q000000JDODEA4,SEM-2,Semester 2,1995-08-31,1995
[hed__Term__c],a0POm000001Kkq7MAC,KG-2001-ELP 12,0019n000001yOenAAE,2001-12-31,,,,2001-12-01,Study Period,,2001-12-01,,,2001-12-31,2001-12-31,2001-12-31,2001-12-31,,2001-12-31,a0F8q000000JDODEA4,ELP12,ELP 12,2001-12-31,2001
[hed__Term__c],a0POm000001Kkq8MAC,KG-2001-Semester 1,0019n000001yOenAAE,2001-06-30,,,,2001-01-01,Study Period,,2001-01-01,,,2001-03-31,2001-03-31,2001-06-30,2001-03-31,,2001-03-31,a0F8q000000JDODEA4,SEM-1,Semester 1,2001-03-31,2001
[hed__Term__c],a0POm000001Kkq9MAC,KG-2001-Summer,0019n000001yOenAAE,2002-02-15,,,,2001-11-01,Study Period,,2001-11-01,,,2002-01-31,2002-01-31,2002-02-15,2002-01-31,,2002-01-31,a0F8q000000JDODEA4,SUM,Summer,2002-01-31,2001
[hed__Term__c],a0POm000001KkqAMAS,N1-2001-Semester 2,0019n000001yOenAAE,2001-12-31,,,,2001-07-01,Study Period,,2001-07-01,,,2001-08-31,2001-08-31,2001-12-31,2001-08-31,,2001-08-31,a0F8q000000JDODEA4,SEM-2,Semester 2,2001-08-31,2001
[hed__Term__c],a0POm000001KkqBMAS,SG-2001-Semester 1,0019n000001yOenAAE,2001-06-30,,,,2001-01-01,Study Period,,2001-01-01,,,2001-03-31,2001-03-31,2001-06-30,2001-03-31,,2001-03-31,a0F8q000000JDODEA4,SEM-1,Semester 1,2001-03-31,2001
[hed__Term__c],a0POm000001KkqCMAS,STP-2001-Semester 2,0019n000001yOenAAE,2001-12-31,,,,2001-07-01,Study Period,,2001-07-01,,,2001-08-31,2001-08-31,2001-12-31,2001-08-31,,2001-08-31,a0F8q000000JDODEA4,SEM-2,Semester 2,2001-08-31,2001
[hed__Term__c],a0POm000001KkqDMAS,STP-2001-Summer,0019n000001yOenAAE,2002-02-15,,,,2001-11-01,Study Period,,2001-11-01,,,2002-01-31,2002-01-31,2002-02-15,2002-01-31,,2002-01-31,a0F8q000000JDODEA4,SUM,Summer,2002-01-31,2001
[hed__Term__c],a0POm000001KkqEMAS,TUS-2001-Semester 2,0019n000001yOenAAE,2001-12-31,,,,2001-07-01,Study Period,,2001-07-01,,,2001-08-31,2001-08-31,2001-12-31,2001-08-31,,2001-08-31,a0F8q000000JDODEA4,SEM-2,Semester 2,2001-08-31,2001
[hed__Term__c],a0POm000001KkqFMAS,U-2002-ELP 03,0019n000001yOenAAE,2002-03-31,,,,2002-03-01,Study Period,,,,,,,,,,,a0F8q000000JDODEA4,ELP03,ELP 03,2002-03-31,2002
[hed__Term__c],a0POm000001KkqGMAS,U-2002-ELP 08,0019n000001yOenAAE,2002-08-31,,,,2002-08-01,Study Period,,,,,,,,,,,a0F8q000000JDODEA4,ELP08,ELP 08,2002-08-31,2002
[hed__Term__c],a0POm000001KkqHMAS,U-2002-Summer,0019n000001yOenAAE,2003-02-15,,,,2002-11-01,Study Period,,,,,,,,,,,a0F8q000000JDODEA4,SUM,Summer,2002-12-02,2002
[hed__Term__c],a0POm000001KkqIMAS,U-2002-Summer 1,0019n000001yOenAAE,2002-12-31,,,,2002-11-01,Study Period,,,,,,,,,,,a0F8q000000JDODEA4,SUM-1,Summer 1,2002-12-02,2002
[hed__Term__c],a0POm000001KkqJMAS,U-1998-Summer,0019n000001yOenAAE,1999-02-15,,,,1998-11-01,Study Period,,,,,,,,,,,a0F8q000000JDODEA4,SUM,Summer,1998-12-01,1998
[hed__Term__c],a0POm000001KkqKMAS,P1-1999-Semester 2,0019n000001yOenAAE,1999-12-31,,,,1999-07-01,Study Period,,1999-07-01,,,1999-08-31,1999-08-31,1999-12-31,1999-08-31,,1999-08-31,a0F8q000000JDODEA4,SEM-2,Semester 2,1999-08-31,1999
[hed__Term__c],a0POm000001KkqLMAS,GU-1996-Semester 2,0019n000001yOenAAE,1996-12-31,,,,1996-07-01,Study Period,,1996-07-01,,,1996-08-31,1996-08-31,1996-12-31,1996-08-31,,1996-08-31,a0F8q000000JDODEA4,SEM-2,Semester 2,1996-08-31,1996
[hed__Term__c],a0POm000001KkqMMAS,INT-1996-Semester 1,0019n000001yOenAAE,1996-06-30,,,,1996-01-01,Study Period,,1996-01-01,,,1996-03-31,1996-03-31,1996-06-30,1996-03-31,,1996-03-31,a0F8q000000JDODEA4,SEM-1,Semester 1,1996-03-31,1996
[hed__Term__c],a0POm000001KkqNMAS,M1-1996-Semester 1,0019n000001yOenAAE,1996-06-30,,,,1996-01-01,Study Period,,1996-01-01,,,1996-03-31,1996-03-31,1996-06-30,1996-03-31,,1996-03-31,a0F8q000000JDODEA4,SEM-1,Semester 1,1996-03-31,1996
[hed__Term__c],a0POm000001KkqOMAS,M1-1996-Summer,0019n000001yOenAAE,1997-02-15,,,,1996-11-01,Study Period,,1996-11-01,,,1996-12-01,1996-12-01,1997-02-15,1996-12-01,,1996-12-01,a0F8q000000JDODEA4,SUM,Summer,1996-12-01,1996
[hed__Term__c],a0POm000001KkqPMAS,U-2001-ELP 06,0019n000001yOenAAE,2001-06-30,,,,2001-06-01,Study Period,,,,,,,,,,,a0F8q000000JDODEA4,ELP06,ELP 06,2001-06-30,2001
[hed__Term__c],a0POm000001KkqQMAS,U-2001-ELP 07,0019n000001yOenAAE,2001-07-31,,,,2001-07-01,Study Period,,,,,,,,,,,a0F8q000000JDODEA4,ELP07,ELP 07,2001-07-31,2001
[hed__Term__c],a0POm000001KkqRMAS,CB-2010-6 Week Teaching Period - 6,0019n000001yOenAAE,2010-12-18,,,,2010-11-01,Study Period,2010-11-01,2009-10-05,,,2010-11-26,2010-11-26,2010-11-26,2010-11-26,,2010-11-01,a0F8q000000JDODEA4,6TP6,6 Week Teaching Period - 6,2010-11-26,2010
[hed__Term__c],a0POm000001KkqSMAS,DMO-2010-5 Week Teaching Period - 2,0019n000001yOenAAE,2010-03-12,,,,2010-02-08,Study Period,2010-02-08,2009-10-05,,,2010-02-19,2010-02-19,2010-02-19,2010-02-19,,2010-02-08,a0F8q000000JDODEA4,5TP2,5 Week Teaching Period - 2,2010-02-19,2010
[hed__Term__c],a0POm000001KkqTMAS,GP-2010-12 Week Teaching Period - 2,0019n000001yOenAAE,2010-10-08,,,,2010-07-05,Study Period,2010-07-23,2009-10-05,,,2010-08-06,2010-08-06,2010-08-06,2010-08-06,,2010-07-23,a0F8q000000JDODEA4,12TP2,12 Week Teaching Period - 2,2010-07-30,2010
[hed__Term__c],a0POm000001KkqUMAS,GP-2010-5 Week Teaching Period - 5,0019n000001yOenAAE,2010-07-02,,,,2010-05-31,Study Period,2010-05-31,2009-10-05,,,2010-06-11,2010-06-11,2010-06-11,2010-06-11,,2010-05-31,a0F8q000000JDODEA4,5TP5,5 Week Teaching Period - 5,2010-06-11,2010
[hed__Term__c],a0POm000001KkqVMAS,GP-2010-6 Week Teaching Period - 2,0019n000001yOenAAE,2010-04-24,,,,2010-03-08,Study Period,2010-03-08,2009-10-05,,,2010-03-19,2010-03-19,2010-03-19,2010-03-19,,2010-03-08,a0F8q000000JDODEA4,6TP2,6 Week Teaching Period - 2,2010-03-19,2010
[hed__Term__c],a0POm000001KkqWMAS,GP-2010-6 Week Teaching Period - 4,0019n000001yOenAAE,2010-08-21,,,,2010-07-05,Study Period,2010-07-05,2009-10-05,,,2010-07-16,2010-07-16,2010-07-16,2010-07-16,,2010-07-05,a0F8q000000JDODEA4,6TP4,6 Week Teaching Period - 4,2010-07-16,2010
[hed__Term__c],a0POm000001KkqXMAS,KG-2010-6 Week Teaching Period - 1,0019n000001yOenAAE,2010-02-27,,,,2010-01-11,Study Period,2010-01-11,2009-10-05,,,2010-01-22,2010-01-22,2010-01-22,2010-01-22,,2010-01-11,a0F8q000000JDODEA4,6TP1,6 Week Teaching Period - 1,2010-01-29,2010
[hed__Term__c],a0POm000001KkqYMAS,KG-2010-Exchange - 2,0019n000001yOenAAE,2010-12-03,,,,2010-08-16,Study Period,,2009-10-05,,,2010-11-12,2010-11-12,2010-11-12,2010-11-12,,2009-10-09,a0F8q000000JDODEA4,XCH-2,Exchange - 2,2010-11-12,2010
[hed__Term__c],a0POm000001KkqZMAS,MA1-2010-Semester 2,0019n000001yOenAAE,2010-11-13,,,,2010-07-19,Study Period,2010-07-30,2009-10-05,,,2010-08-13,2010-08-13,2010-08-13,2010-08-13,,2010-07-30,a0F8q000000JDODEA4,SEM-2,Semester 2,2010-08-13,2010
[hed__Term__c],a0POm000001KkqaMAC,CAD-2008-6 Week Teaching Period - 2,0019n000001yOenAAE,2008-04-19,,,,2008-03-03,Study Period,2008-03-03,2007-10-08,,,2008-03-14,2008-03-14,2008-04-19,2008-03-14,,2008-03-03,a0F8q000000JDODEA4,6TP2,6 Week Teaching Period - 2,2008-03-14,2008
[hed__Term__c],a0POm000001KkqbMAC,CB-2008-Semester 1,0019n000001yOenAAE,2008-06-24,,,,2008-02-25,Study Period,2008-03-07,2007-10-08,,,2008-03-21,2008-03-21,2008-06-24,2008-03-21,,2008-03-07,a0F8q000000JDODEA4,SEM-1,Semester 1,2008-03-21,2008
[hed__Term__c],a0POm000001KkqcMAC,CB-2008-Semester 2,0019n000001yOenAAE,2008-11-15,,,,2008-07-21,Study Period,2008-08-01,2007-10-08,,,2008-08-15,2008-08-15,2008-11-15,2008-08-15,,2008-08-01,a0F8q000000JDODEA4,SEM-2,Semester 2,2008-08-15,2008
[hed__Term__c],a0POm000001KkqdMAC,DMO-2008-5 Week Teaching Period - 6,0019n000001yOenAAE,2008-08-29,,,,2008-07-28,Study Period,2008-07-28,2007-10-08,,,2008-08-08,2008-08-08,2008-08-29,2008-08-08,,2008-07-28,a0F8q000000JDODEA4,5TP6,5 Week Teaching Period - 6,2008-08-08,2008
[hed__Term__c],a0POm000001KkqeMAC,CA-2010-Semester 1,0019n000001yOenAAE,2010-06-22,,,,2010-02-22,Study Period,2010-03-05,2009-10-05,,,2010-03-19,2010-03-19,2010-03-19,2010-03-19,,2010-03-05,a0F8q000000JDODEA4,SEM-1,Semester 1,2010-03-19,2010
[hed__Term__c],a0POm000001KkqfMAC,CB-2010-5 Week Teaching Period - 3,0019n000001yOenAAE,2010-04-23,,,,2010-03-22,Study Period,2010-03-21,2009-10-05,,,2010-04-01,2010-04-01,2010-04-01,2010-04-01,,2010-03-21,a0F8q000000JDODEA4,5TP3,5 Week Teaching Period - 3,2010-04-01,2010
[hed__Term__c],a0POm000001KkqgMAC,CB-2010-5 Week Teaching Period - 9,0019n000001yOenAAE,2010-12-17,,,,2010-11-15,Study Period,2010-11-15,2009-10-05,,,2010-11-26,2010-11-26,2010-11-26,2010-11-26,,2010-11-15,a0F8q000000JDODEA4,5TP9,5 Week Teaching Period - 9,2010-11-26,2010
[hed__Term__c],a0POm000001KkqhMAC,CB-2010-6 Week Teaching Period - 1,0019n000001yOenAAE,2010-02-27,,,,2010-01-11,Study Period,2010-01-11,2009-10-05,,,2010-01-22,2010-01-22,2010-01-22,2010-01-22,,2010-01-11,a0F8q000000JDODEA4,6TP1,6 Week Teaching Period - 1,2010-01-29,2010
[hed__Term__c],a0POm000001KkqiMAC,GP-2008-5 Week Teaching Period - 7,0019n000001yOenAAE,2008-10-03,,,,2008-09-01,Study Period,2008-09-01,2007-10-08,,,2008-09-12,2008-09-12,2008-10-03,2008-09-12,,2008-09-01,a0F8q000000JDODEA4,5TP7,5 Week Teaching Period - 7,2008-09-12,2008
[hed__Term__c],a0POm000001KkqjMAC,GP-2008-6 Week Teaching Period - 6,0019n000001yOenAAE,2008-12-20,,,,2008-11-03,Study Period,2008-11-03,2007-10-08,,,2008-11-14,2008-11-14,2008-12-20,2008-11-14,,2008-11-03,a0F8q000000JDODEA4,6TP6,6 Week Teaching Period - 6,2008-11-14,2008
[hed__Term__c],a0POm000001KkqkMAC,GP-2008-Summer,0019n000001yOenAAE,2009-02-20,,,,2008-11-17,Study Period,2008-11-28,2007-10-08,,,2008-12-12,2008-12-12,2009-02-20,2008-12-12,,2008-11-28,a0F8q000000JDODEA4,SUM,Summer,2008-12-12,2008
[hed__Term__c],a0POm000001KkqlMAC,H1-2008-Summer,0019n000001yOenAAE,2009-02-20,,,,2008-11-17,Study Period,2008-11-28,2007-10-08,,,2008-12-12,2008-12-12,2009-02-20,2008-12-12,,2008-11-28,a0F8q000000JDODEA4,SUM,Summer,2008-12-12,2008
[hed__Term__c],a0POm000001KkqmMAC,KG-2008-13 Week Teaching Period - 2,0019n000001yOenAAE,2008-10-13,,,,2008-06-23,Study Period,2008-07-04,2007-10-08,,,2008-07-18,2008-07-18,2008-10-13,2008-07-18,,2008-07-04,a0F8q000000JDODEA4,13TP2,13 Week Teaching Period - 2,2008-07-18,2008
[hed__Term__c],a0POm000001KkqnMAC,KG-2008-5 Week Teaching Period - 7,0019n000001yOenAAE,2008-10-03,,,,2008-09-01,Study Period,2008-09-01,2007-10-08,,,2008-09-12,2008-09-12,2008-10-03,2008-09-12,,2008-09-01,a0F8q000000JDODEA4,5TP7,5 Week Teaching Period - 7,2008-09-12,2008
[hed__Term__c],a0POm000001KkqoMAC,KG-2008-6 Week Teaching Period - 1,0019n000001yOenAAE,2008-02-23,,,,2008-01-07,Study Period,2008-01-07,2007-10-08,,,2008-01-18,2008-01-18,2008-02-23,2008-01-18,,2008-01-07,a0F8q000000JDODEA4,6TP1,6 Week Teaching Period - 1,2008-01-18,2008
[hed__Term__c],a0POm000001KkqpMAC,KG-2008-Summer,0019n000001yOenAAE,2009-02-20,,,,2008-11-17,Study Period,2008-11-28,2007-10-08,,,2008-12-12,2008-12-12,2009-02-20,2008-12-12,,2008-11-28,a0F8q000000JDODEA4,SUM,Summer,2008-12-12,2008
[hed__Term__c],a0POm000001KkqqMAC,KG-2008-Exchange - 2,0019n000001yOenAAE,2008-12-05,,,,2008-08-18,Study Period,,2007-10-08,,,2008-10-17,2008-10-17,2008-12-05,2008-10-17,,2007-10-08,a0F8q000000JDODEA4,XCH-2,Exchange - 2,2008-10-17,2008
[hed__Term__c],a0POm000001KkqrMAC,STP-2008-Semester 2,0019n000001yOenAAE,2008-11-15,,,,2008-07-21,Study Period,2008-08-01,2007-10-08,,,2008-08-15,2008-08-15,2008-11-15,2008-08-15,,2008-08-01,a0F8q000000JDODEA4,SEM-2,Semester 2,2008-08-15,2008
[hed__Term__c],a0POm000001KkqsMAC,U-2008-5 Week Teaching Period - 3,0019n000001yOenAAE,2008-05-02,,,,2008-03-31,Study Period,,,,,,,,,,,a0F8q000000JDODEA4,5TP3,5 Week Teaching Period - 3,2008-04-11,2008
[hed__Term__c],a0POm000001KkqtMAC,U-2008-5 Week Teaching Period - 7,0019n000001yOenAAE,2008-10-03,,,,2008-09-01,Study Period,,,,,,,,,,,a0F8q000000JDODEA4,5TP7,5 Week Teaching Period - 7,2008-09-12,2008
[hed__Term__c],a0POm000001KkquMAC,U-2008-6 Week Teaching Period - 5,0019n000001yOenAAE,2008-10-25,,,,2008-09-08,Study Period,,,,,,,,,,,a0F8q000000JDODEA4,6TP5,6 Week Teaching Period - 5,2008-09-19,2008
[hed__Term__c],a0POm000001Kl2EMAS,U-2022-Flexible Period - AB,0019n000001yOenAAE,2022-07-31,,,,2022-01-01,Study Period,,,,,,,2022-03-31,,,,a0F8q000000JDODEA4,FPAB,Flexible Period - AB,2022-03-31,2022
[hed__Term__c],a0POm000001Kl2FMAS,GP-2022-6 Week Teaching Period - 2,0019n000001yOenAAE,2022-04-22,,,,2022-03-07,Study Period,2022-03-07,2021-12-13,,2021-07-01,2022-03-07,2022-03-07,2022-03-15,2022-03-07,2022-03-04,2022-03-07,a0F8q000000JDODEA4,6TP2,6 Week Teaching Period - 2,2022-03-18,2022
[hed__Term__c],a0POm000001Kl2GMAS,KG-2023-Semester 1 - 5 Week A,0019n000001yOenAAE,2023-03-31,,,,2023-02-27,Study Period,2023-03-03,2022-12-12,,2022-07-01,2023-03-03,2023-03-03,2023-03-07,2023-03-03,2023-02-24,2023-02-27,a0F8q000000JDODEA4,SEM5A,Semester 1 - 5 Week A,2023-03-10,2023
[hed__Term__c],a0POm000001Kl2HMAS,KG-2023-10 Week Teaching Period - 1,0019n000001yOenAAE,2023-04-14,,,,2023-02-06,Study Period,2023-02-10,2022-10-04,,2022-07-01,2023-02-10,2023-02-10,2023-02-21,2023-02-10,2023-02-03,2023-02-10,a0F8q000000JDODEA4,10TP1,10 Week Teaching Period - 1,2023-02-24,2023
[hed__Term__c],a0POm000001Kl2IMAS,KG-2023-6 Week Teaching Period - 2,0019n000001yOenAAE,2023-04-21,,,,2023-03-06,Study Period,2023-03-06,2022-12-12,,2022-07-01,2023-03-06,2023-03-06,2023-03-14,2023-03-06,2023-03-03,2023-03-06,a0F8q000000JDODEA4,6TP2,6 Week Teaching Period - 2,2023-03-17,2023
[hed__Term__c],a0POm000001Kl2JMAS,KG-2023-6 Week Teaching Period - 3,0019n000001yOenAAE,2023-06-23,,,,2023-05-08,Study Period,2023-05-08,2022-12-12,,2022-07-01,2023-05-08,2023-05-08,2023-05-16,2023-05-08,2023-05-05,2023-05-08,a0F8q000000JDODEA4,6TP3,6 Week Teaching Period - 3,2023-05-19,2023
[hed__Term__c],a0POm000001Kl2KMAS,U-2023-College 1,0019n000001yOenAAE,2023-06-23,,,,2023-02-27,Study Period,2023-03-10,2022-12-12,,,2023-03-10,2023-03-10,2023-03-21,2023-03-10,,2023-03-10,a0F8q000000JDODEA4,CTP1,College 1,2023-03-24,2023
[hed__Term__c],a0POm000001Kl2LMAS,KG-2023-Flexible Period - 11A,0019n000001yOenAAE,2024-01-31,,,,2023-06-01,Study Period,,,,,,,2023-08-31,,,,a0F8q000000JDODEA4,FP11A,Flexible Period - 11A,2023-08-31,2023
[hed__Term__c],a0POm000001Kl2MMAS,U-2023-Flexible Period - 01A,0019n000001yOenAAE,2023-07-31,,,,2023-01-01,Study Period,,,,,,,2023-03-31,,,,a0F8q000000JDODEA4,FP01A,Flexible Period - 01A,2023-03-31,2023
[hed__Term__c],a0POm000001Kl2NMAS,U-2023-Flexible Period - 02B,0019n000001yOenAAE,2023-07-31,,,,2023-01-01,Study Period,,,,,,,2023-03-31,,,,a0F8q000000JDODEA4,FP02B,Flexible Period - 02B,2023-03-31,2023
[hed__Term__c],a0POm000001Kl2OMAS,U-2023-Flexible Period - 03A,0019n000001yOenAAE,2023-07-31,,,,2023-01-01,Study Period,,,,,,,2023-03-31,,,,a0F8q000000JDODEA4,FP03A,Flexible Period - 03A,2023-03-31,2023
[hed__Term__c],a0POm000001Kl2PMAS,U-2023-Flexible Period - 09A,0019n000001yOenAAE,2024-01-31,,,,2023-06-01,Study Period,,,,,,,2023-08-31,,,,a0F8q000000JDODEA4,FP09A,Flexible Period - 09A,2023-08-31,2023
[hed__Term__c],a0POm000001Kl2QMAS,U-2023-Flexible Period - 09B,0019n000001yOenAAE,2024-01-31,,,,2023-06-01,Study Period,,,,,,,2023-08-31,,,,a0F8q000000JDODEA4,FP09B,Flexible Period - 09B,2023-08-31,2023
[hed__Term__c],a0POm000001Kl2RMAS,KG-2022-Flexible Period - 07A,0019n000001yOenAAE,2023-01-31,,,,2022-06-01,Study Period,,,,,,,2022-08-31,,,,a0F8q000000JDODEA4,FP07A,Flexible Period - 07A,2022-08-31,2022
[hed__Term__c],a0POm000001Kl2SMAS,KG-2022-Flexible Period - 10A,0019n000001yOenAAE,2023-01-31,,,,2022-06-01,Study Period,,,,,,,2022-08-31,,,,a0F8q000000JDODEA4,FP10A,Flexible Period - 10A,2022-08-31,2022
[hed__Term__c],a0POm000001Kl2TMAS,KG-2022-Flexible Period - 10B,0019n000001yOenAAE,2023-01-31,,,,2022-06-01,Study Period,,,,,,,2022-08-31,,,,a0F8q000000JDODEA4,FP10B,Flexible Period - 10B,2022-08-31,2022
[hed__Term__c],a0POm000001Kl2UMAS,KG-2022-Flexible Period - 11B,0019n000001yOenAAE,2023-01-31,,,,2022-06-01,Study Period,,,,,,,2022-08-31,,,,a0F8q000000JDODEA4,FP11B,Flexible Period - 11B,2022-08-31,2022
[hed__Term__c],a0POm000001Kl2VMAS,KG-2022-Research Period 1,0019n000001yOenAAE,2022-06-30,,,,2022-01-01,Study Period,1960-01-01,1960-01-01,,,2022-06-30,2022-06-30,2022-06-30,2022-06-30,,1960-01-01,a0F8q000000JDODEA4,R1,Research Period 1,2022-03-31,2022
[hed__Term__c],a0POm000001Kl2WMAS,KG-2023-6 Week Teaching Period - 1,0019n000001yOenAAE,2023-02-24,,,,2023-01-09,Study Period,2023-01-09,2022-12-12,,2022-07-01,2023-01-09,2023-01-09,2023-01-17,2023-01-09,2023-01-06,2023-01-09,a0F8q000000JDODEA4,6TP1,6 Week Teaching Period - 1,2023-01-20,2023
[hed__Term__c],a0POm000001Kl2XMAS,GP-2023-Flexible Period - 04A,0019n000001yOenAAE,2023-07-31,,,,2023-01-01,Study Period,,,,,,,2023-03-31,,,,a0F8q000000JDODEA4,FP04A,Flexible Period - 04A,2023-03-31,2023
[hed__Term__c],a0POm000001Kl2YMAS,U-2023-Flexible Period - 10A,0019n000001yOenAAE,2024-01-31,,,,2023-06-01,Study Period,,,,,,,2023-08-31,,,,a0F8q000000JDODEA4,FP10A,Flexible Period - 10A,2023-08-31,2023
[hed__Term__c],a0POm000001Kl2ZMAS,U-2022-Flexible Period - 04A,0019n000001yOenAAE,2022-07-31,,,,2022-01-01,Study Period,,,,,,,2022-03-31,,,,a0F8q000000JDODEA4,FP04A,Flexible Period - 04A,2022-03-31,2022
[hed__Term__c],a0POm000001Kl2aMAC,U-2025-15 Week EAP Teaching Period 3,0019n000001yOenAAE,2026-01-30,,,,2025-10-13,Study Period,2025-10-31,2024-10-02,,,2025-10-31,2025-10-31,2025-11-11,2025-10-31,,2025-10-31,a0F8q000000JDODEA4,15EP3,15 Week EAP Teaching Period 3,2025-11-14,2025
[hed__Term__c],a0POm000001Kl2bMAC,U-2022-College 5 Week TP - 2,0019n000001yOenAAE,2022-04-01,,,,2022-02-21,Study Period,2022-02-25,2021-10-05,,2021-06-30,2022-02-25,2022-02-25,2022-03-11,2022-02-25,2022-02-11,2022-02-21,a0F8q000000JDODEA4,C5TP2,College 5 Week TP - 2,2022-03-11,2022
[hed__Term__c],a0POm000001Kl2cMAC,U-2022-College 5 Week TP - 3,0019n000001yOenAAE,2022-05-06,,,,2022-04-04,Study Period,2022-04-08,2021-12-13,,2021-06-30,2022-04-08,2022-04-08,2022-04-15,2022-04-08,2022-03-25,2022-04-04,a0F8q000000JDODEA4,C5TP3,College 5 Week TP - 3,2022-04-15,2022
[hed__Term__c],a0POm000001Kl2dMAC,KG-2024-Flexible Period - 05A,0019n000001yOenAAE,2024-07-31,,,,2024-01-01,Study Period,,,,,,,2024-03-30,,,,a0F8q000000JDODEA4,FP05A,Flexible Period - 05A,2024-03-30,2024
[hed__Term__c],a0POm000001Kl2eMAC,KG-2024-Flexible Period - 06A,0019n000001yOenAAE,2024-07-31,,,,2024-01-01,Study Period,,,,,,,2024-03-30,,,,a0F8q000000JDODEA4,FP06A,Flexible Period - 06A,2024-03-30,2024
[hed__Term__c],a0POm000001Kl2fMAC,KG-2024-Flexible Period - 10A,0019n000001yOenAAE,2025-01-31,,,,2024-06-01,Study Period,,,,,,,2024-08-31,,,,a0F8q000000JDODEA4,FP10A,Flexible Period - 10A,2024-08-31,2024
[hed__Term__c],a0POm000001Kl2gMAC,U-2024-Summer,0019n000001yOenAAE,2025-02-21,,,,2024-11-18,Study Period,2024-11-29,2024-05-07,,2023-07-01,2024-11-29,2024-11-29,2024-12-10,2024-11-29,2024-11-15,2024-11-29,a0F8q000000JDODEA4,SUM,Summer,2024-12-13,2024
[hed__Term__c],a0POm000001Kl2hMAC,KG-2031-Semester 1,0019n000001yOenAAE,1931-06-21,,,,1931-02-24,Study Period,1931-03-07,1930-09-30,,1930-06-27,1931-03-21,1931-03-21,1931-03-18,1931-03-21,1931-02-21,1931-03-21,a0F8q000000JDODEA4,SEM-1,Semester 1,1931-03-21,2031
[hed__Term__c],a0POm000001Kl2iMAC,KG-2031-10 Week Teaching Period - 2,0019n000001yOenAAE,1931-07-04,,,,1931-04-28,Study Period,1931-05-01,1930-12-08,,1930-06-26,1931-05-01,1931-05-01,1931-05-12,1931-05-01,1931-04-25,1931-05-01,a0F8q000000JDODEA4,10TP2,10 Week Teaching Period - 2,1931-05-15,2031
[hed__Term__c],a0POm000001Kl2jMAC,U-2030-College 5 Week TP - 8,0019n000001yOenAAE,1930-11-15,,,,1930-10-14,Study Period,1930-10-18,2029-12-10,,,1930-10-18,1930-10-18,1930-10-25,1930-10-18,,1930-10-14,a0F8q000000JDODEA4,C5TP8,College 5 Week TP - 8,1930-10-25,2030
[hed__Term__c],a0POm000001Kl2kMAC,U-2031-Semester 2,0019n000001yOenAAE,1931-11-15,,,,1931-07-21,Study Period,1931-07-26,1930-12-04,,1930-06-27,1931-07-26,1931-07-26,1931-08-06,1931-07-26,1931-07-18,1931-07-26,a0F8q000000JDODEA4,SEM-2,Semester 2,1931-08-09,2031
[hed__Term__c],a0POm000001Kl2lMAC,GP-2030-Flexible Period - 07A,0019n000001yOenAAE,1931-01-31,,,,1930-06-01,Study Period,,,,,,,1930-08-31,,,,a0F8q000000JDODEA4,FP07A,Flexible Period - 07A,1930-08-31,2030
[hed__Term__c],a0POm000001Kl2mMAC,KG-2030-Semester 2,0019n000001yOenAAE,1930-11-16,,,,1930-07-22,Study Period,1930-07-27,2029-12-05,,2029-06-28,1930-07-27,1930-07-27,1930-08-07,1930-07-27,1930-07-19,1930-07-27,a0F8q000000JDODEA4,SEM-2,Semester 2,1930-08-10,2030
[hed__Term__c],a0POm000001Kl2nMAC,GP-2030-Flexible Period - A,0019n000001yOenAAE,1930-07-31,,,,1930-01-01,Study Period,,,,,,,1930-03-31,,,,a0F8q000000JDODEA4,FPA,Flexible Period - A,1930-03-31,2030
[hed__Term__c],a0POm000001Kl2oMAC,KG-2030-10 Week Teaching Period - 2,0019n000001yOenAAE,1930-07-05,,,,1930-04-29,Study Period,1930-05-02,2029-12-09,,2029-06-27,1930-05-02,1930-05-02,1930-05-13,1930-05-02,1930-04-26,1930-05-02,a0F8q000000JDODEA4,10TP2,10 Week Teaching Period - 2,1930-05-16,2030
[hed__Term__c],a0POm000001Kl2pMAC,KG-2030-10 Week Teaching Period - 4,0019n000001yOenAAE,1930-12-20,,,,1930-10-14,Study Period,1930-10-17,2029-12-09,,2029-06-27,1930-10-17,1930-10-17,1930-10-28,1930-10-17,1930-10-10,1930-10-17,a0F8q000000JDODEA4,10TP4,10 Week Teaching Period - 4,1930-10-31,2030
[hed__Term__c],a0POm000001Kl2qMAC,KG-2030-15 Week EAP Teaching Period 1,0019n000001yOenAAE,1930-05-31,,,,1930-02-18,Study Period,1930-03-01,2029-10-02,,,1930-03-01,1930-03-01,1930-03-12,1930-03-01,,1930-03-01,a0F8q000000JDODEA4,15EP1,15 Week EAP Teaching Period 1,1930-03-15,2030
[hed__Term__c],a0POm000001Kl2rMAC,GP-2031-10 Week Teaching Period - 2,0019n000001yOenAAE,1931-07-04,,,,1931-04-28,Study Period,1931-05-01,1930-12-08,,1930-06-26,1931-05-01,1931-05-01,1931-05-12,1931-05-01,1931-04-25,1931-05-01,a0F8q000000JDODEA4,10TP2,10 Week Teaching Period - 2,1931-05-15,2031
[hed__Term__c],a0POm000001Kl2sMAC,KG-2025-Semester 1 - 6 Week A,0019n000001yOenAAE,2025-04-04,,,,2025-02-24,Study Period,2025-02-28,2024-10-02,,2024-06-29,2025-02-28,2025-02-28,2025-03-18,2025-02-28,2025-02-21,2025-02-24,a0F8q000000JDODEA4,SEM6A,Semester 1 - 6 Week A,2025-03-21,2025
[hed__Term__c],a0POm000001Kl2tMAC,U-2030-College Summer Intensive,0019n000001yOenAAE,1931-01-18,,,,1930-11-18,Study Period,1930-11-22,2029-12-10,,,1930-11-22,1930-11-22,1930-12-03,1930-11-22,,1930-11-22,a0F8q000000JDODEA4,CTPSI,College Summer Intensive,1930-12-06,2030
[hed__Term__c],a0POm000001Kl2uMAC,U-2030-Flexible Period - 01A,0019n000001yOenAAE,1930-07-31,,,,1930-01-01,Study Period,,,,,,,1930-03-31,,,,a0F8q000000JDODEA4,FP01A,Flexible Period - 01A,1930-03-31,2030
[hed__Term__c],a0POm000001Kl2vMAC,U-2031-College 5 Week TP - 2,0019n000001yOenAAE,1931-03-21,,,,1931-02-17,Study Period,1931-02-21,1930-10-01,,,1931-02-21,1931-02-21,1931-02-28,1931-02-21,,1931-02-17,a0F8q000000JDODEA4,C5TP2,College 5 Week TP - 2,1931-02-28,2031
[hed__Term__c],a0POm000001Kl2wMAC,GP-2030-Research Period 1,0019n000001yOenAAE,1930-06-30,,,,1930-01-01,Study Period,1964-12-31,1964-12-31,,,1930-06-30,1930-06-30,1930-06-30,1930-06-30,,1964-12-31,a0F8q000000JDODEA4,R1,Research Period 1,1930-03-31,2030
[hed__Term__c],a0POm000001Kl2xMAC,U-2031-College 5 Week TP - 5,0019n000001yOenAAE,1931-07-18,,,,1931-06-16,Study Period,1931-06-20,1930-12-09,,,1931-06-20,1931-06-20,1931-06-27,1931-06-20,,1931-06-16,a0F8q000000JDODEA4,C5TP5,College 5 Week TP - 5,1931-06-27,2031
[hed__Term__c],a0POm000001Kl2yMAC,U-2031-College 5 Week TP - 6,0019n000001yOenAAE,1931-08-22,,,,1931-07-21,Study Period,1931-07-25,1930-12-09,,,1931-07-25,1931-07-25,1931-08-01,1931-07-25,,1931-07-21,a0F8q000000JDODEA4,C5TP6,College 5 Week TP - 6,1931-08-01,2031
[hed__Term__c],a0POm000001Kl2zMAC,U-2030-Flexible Period - 05B,0019n000001yOenAAE,1930-07-31,,,,1930-01-01,Study Period,,,,,,,1930-03-31,,,,a0F8q000000JDODEA4,FP05B,Flexible Period - 05B,1930-03-31,2030
[hed__Term__c],a0POm000001Kl30MAC,U-2031-Flexible Period - 08A,0019n000001yOenAAE,1932-01-31,,,,1931-06-01,Study Period,,,,,,,1931-08-31,,,,a0F8q000000JDODEA4,FP08A,Flexible Period - 08A,1931-08-31,2031
[hed__Term__c],a0POm000001Kl31MAC,U-2031-Flexible Period - 08B,0019n000001yOenAAE,1932-01-31,,,,1931-06-01,Study Period,,,,,,,1931-08-31,,,,a0F8q000000JDODEA4,FP08B,Flexible Period - 08B,1931-08-31,2031
[hed__Term__c],a0POm000001Kl32MAC,GP-2030-Semester 2 - 5 Week C,0019n000001yOenAAE,1930-08-23,,,,1930-07-22,Study Period,1930-07-26,2029-12-10,,2029-06-28,1930-07-26,1930-07-26,1930-07-30,1930-07-26,1930-07-19,1930-07-22,a0F8q000000JDODEA4,SEM5C,Semester 2 - 5 Week C,1930-08-02,2030
[hed__Term__c],a0POm000001Kl33MAC,U-2031-Flexible Period - 10B,0019n000001yOenAAE,1932-01-31,,,,1931-06-01,Study Period,,,,,,,1931-08-31,,,,a0F8q000000JDODEA4,FP10B,Flexible Period - 10B,1931-08-31,2031
[hed__Term__c],a0POm000001Kl34MAC,U-2031-Flexible Period - 11B,0019n000001yOenAAE,1932-01-31,,,,1931-06-01,Study Period,,,,,,,1931-08-31,,,,a0F8q000000JDODEA4,FP11B,Flexible Period - 11B,1931-08-31,2031
[hed__Term__c],a0POm000001Kl35MAC,U-2030-Flexible Period - 07B,0019n000001yOenAAE,1931-01-31,,,,1930-06-01,Study Period,,,,,,,1930-08-31,,,,a0F8q000000JDODEA4,FP07B,Flexible Period - 07B,1930-08-31,2030
[hed__Term__c],a0POm000001Kl36MAC,U-2030-Flexible Period - 11B,0019n000001yOenAAE,1931-01-31,,,,1930-06-01,Study Period,,,,,,,1930-08-31,,,,a0F8q000000JDODEA4,FP11B,Flexible Period - 11B,1930-08-31,2030
[hed__Term__c],a0POm000001Kl37MAC,U-2031-15 Week EAP Teaching Period 3,0019n000001yOenAAE,1932-02-06,,,,1931-10-20,Study Period,1931-11-07,1930-10-15,,,1931-11-07,1931-11-07,1931-11-18,1931-11-07,,1931-11-07,a0F8q000000JDODEA4,15EP3,15 Week EAP Teaching Period 3,1931-11-21,2031
[hed__Term__c],a0POm000001Kl38MAC,U-2030-Flexible Period - 12B,0019n000001yOenAAE,1931-01-31,,,,1930-06-01,Study Period,,,,,,,1930-08-31,,,,a0F8q000000JDODEA4,FP12B,Flexible Period - 12B,1930-08-31,2030
[hed__Term__c],a0POm000001Kl39MAC,U-2030-Flexible Period - B,0019n000001yOenAAE,1931-01-31,,,,1930-07-01,Study Period,,,,,,,1930-08-31,,,,a0F8q000000JDODEA4,FPB,Flexible Period - B,1930-08-31,2030
[hed__Term__c],a0POm000001Kl3AMAS,U-2024-Session 3,0019n000001yOenAAE,2024-09-20,,,,2024-07-15,Study Period,2024-08-09,2023-10-04,,,2024-08-09,2024-08-09,2024-08-09,2024-08-09,,2024-07-19,a0F8q000000JDODEA4,SES3,Session 3,2024-08-09,2024
[hed__Term__c],a0POm000001Kl3BMAS,KG-2030-10 Week EAP Teaching Period 1,0019n000001yOenAAE,1930-05-31,,,,1930-03-25,Study Period,1930-03-29,2029-10-02,,,1930-03-29,1930-03-29,1930-04-09,1930-03-29,,1930-03-29,a0F8q000000JDODEA4,10EP1,10 Week EAP Teaching Period 1,1930-04-12,2030
[hed__Term__c],a0POm000001Kl3CMAS,CBR-2024-Flexible Period - 05B,0019n000001yOenAAE,2024-07-30,,,,2024-01-01,Study Period,,,,,,,2024-03-31,,,,a0F8q000000JDODEA4,FP05B,Flexible Period - 05B,2024-03-31,2024
[hed__Term__c],a0POm000001Kl3DMAS,CBR-2024-Flexible Period - 07B,0019n000001yOenAAE,2025-01-31,,,,2024-06-01,Study Period,,,,,,,2024-08-31,,,,a0F8q000000JDODEA4,FP07B,Flexible Period - 07B,2024-08-31,2024
[hed__Term__c],a0POm000001Kl3EMAS,QO-2024-Session-2B,0019n000001yOenAAE,2024-06-28,,,,2024-05-27,Study Period,2024-06-07,2023-10-04,,,2024-06-07,2024-06-07,2024-06-07,2024-06-07,,2024-05-31,a0F8q000000JDODEA4,SES2B,Session-2B,2024-06-07,2024
[hed__Term__c],a0POm000001Kl3FMAS,QO-2024-Session 3,0019n000001yOenAAE,2024-09-20,,,,2024-07-15,Study Period,2024-08-09,2023-10-04,,,2024-08-09,2024-08-09,2024-08-09,2024-08-09,,2024-07-19,a0F8q000000JDODEA4,SES3,Session 3,2024-08-09,2024
[hed__Term__c],a0POm000001Kl3GMAS,GP-2031-Flexible Period - 09A,0019n000001yOenAAE,1932-01-31,,,,1931-06-01,Study Period,,,,,,,1931-08-31,,,,a0F8q000000JDODEA4,FP09A,Flexible Period - 09A,1931-08-31,2031
[hed__Term__c],a0POm000001Kl3HMAS,KG-2030-College 5 Week TP - 8,0019n000001yOenAAE,1930-11-15,,,,1930-10-14,Study Period,1930-10-18,2029-12-10,,,1930-10-18,1930-10-18,1930-10-25,1930-10-18,,1930-10-14,a0F8q000000JDODEA4,C5TP8,College 5 Week TP - 8,1930-10-25,2030
[hed__Term__c],a0POm000001Kl3IMAS,U-2030-6 Week Teaching Period - 1,0019n000001yOenAAE,1930-02-22,,,,1930-01-07,Study Period,1930-01-07,2029-12-10,,2029-06-28,1930-01-07,1930-01-07,1930-01-15,1930-01-07,1930-01-04,1930-01-07,a0F8q000000JDODEA4,6TP1,6 Week Teaching Period - 1,1930-01-18,2030
[hed__Term__c],a0POm000001Kl3JMAS,KG-2024-Flexible Period - B,0019n000001yOenAAE,2025-01-31,,,,2024-07-01,Study Period,,,,,,,2024-08-31,,,,a0F8q000000JDODEA4,FPB,Flexible Period - B,2024-08-31,2024
[hed__Term__c],a0POm000001Kl3KMAS,QO-2024-Session 4,0019n000001yOenAAE,2024-12-13,,,,2024-10-08,Study Period,2024-11-01,2023-10-04,,,2024-11-01,2024-11-01,2024-11-01,2024-11-01,,2024-10-11,a0F8q000000JDODEA4,SES4,Session 4,2024-11-01,2024
[hed__Term__c],a0POm000001Kl3LMAS,KG-2031-Flexible Period - 03A,0019n000001yOenAAE,1931-07-31,,,,1931-01-01,Study Period,,,,,,,1931-04-01,,,,a0F8q000000JDODEA4,FP03A,Flexible Period - 03A,1931-04-01,2031
[hed__Term__c],a0POm000001Kl3MMAS,KG-2024-Semester 2 - 6 Week C,0019n000001yOenAAE,2024-08-30,,,,2024-07-22,Study Period,2024-07-26,2023-10-04,,2023-07-01,2024-07-26,2024-07-26,2024-08-13,2024-07-26,2024-07-19,2024-07-22,a0F8q000000JDODEA4,SEM6C,Semester 2 - 6 Week C,2024-08-16,2024
[hed__Term__c],a0POm000001Kl3NMAS,KG-2030-College Summer Intensive,0019n000001yOenAAE,1931-01-18,,,,1930-11-18,Study Period,1930-11-22,2029-12-10,,,1930-11-22,1930-11-22,1930-12-03,1930-11-22,,1930-11-22,a0F8q000000JDODEA4,CTPSI,College Summer Intensive,1930-12-06,2030
[hed__Term__c],a0POm000001Kl3OMAS,U-2030-6 Week Teaching Period - 5,0019n000001yOenAAE,1930-10-18,,,,1930-09-02,Study Period,1930-09-02,2029-12-10,,2029-06-28,1930-09-02,1930-09-02,1930-09-10,1930-09-02,1930-08-30,1930-09-02,a0F8q000000JDODEA4,6TP5,6 Week Teaching Period - 5,1930-09-13,2030
[hed__Term__c],a0POm000001Kl3PMAS,GP-2031-Summer 2,0019n000001yOenAAE,1931-02-21,,,,1931-01-06,Study Period,1931-01-10,1930-10-01,,1930-06-27,1931-01-10,1931-01-10,1931-01-14,1931-01-10,1931-01-03,1931-01-06,a0F8q000000JDODEA4,SUM-2,Summer 2,1931-01-17,2031
[hed__Term__c],a0POm000001Kl3QMAS,KG-2031-10 Week EAP Teaching Period 1,0019n000001yOenAAE,1931-05-30,,,,1931-03-24,Study Period,1931-03-28,1930-10-01,,,1931-03-28,1931-03-28,1931-04-08,1931-03-28,,1931-03-28,a0F8q000000JDODEA4,10EP1,10 Week EAP Teaching Period 1,1931-04-11,2031
[hed__Term__c],a0POm000001Kl3RMAS,KG-2031-Flexible Period - 07A,0019n000001yOenAAE,1932-01-31,,,,1931-06-01,Study Period,,,,,,,1931-08-31,,,,a0F8q000000JDODEA4,FP07A,Flexible Period - 07A,1931-08-31,2031
[hed__Term__c],a0POm000001Kl3SMAS,GP-2031-Research Period 1,0019n000001yOenAAE,1931-06-30,,,,1931-01-01,Study Period,1965-12-31,1965-12-31,,,1931-06-30,1931-06-30,1931-06-30,1931-06-30,,1965-12-31,a0F8q000000JDODEA4,R1,Research Period 1,1931-03-31,2031
[hed__Term__c],a0POm000001Kl3TMAS,GP-2032-Flexible Period - 10A,0019n000001yOenAAE,1933-01-31,,,,1932-06-01,Study Period,,,,,,,1932-08-31,,,,a0F8q000000JDODEA4,FP10A,Flexible Period - 10A,1932-08-31,2032
[hed__Term__c],a0POm000001Kl3UMAS,GP-2032-Flexible Period - 11A,0019n000001yOenAAE,1933-01-31,,,,1932-06-01,Study Period,,,,,,,1932-08-31,,,,a0F8q000000JDODEA4,FP11A,Flexible Period - 11A,1932-08-31,2032
[hed__Term__c],a0POm000001Kl3VMAS,GP-2032-Research Period 1,0019n000001yOenAAE,1932-06-29,,,,1932-01-01,Study Period,1966-12-31,1966-12-31,,,1932-06-29,1932-06-29,1932-06-29,1932-06-29,,1966-12-31,a0F8q000000JDODEA4,R1,Research Period 1,1932-03-30,2032
[hed__Term__c],a0POm000001Kl3WMAS,U-2032-6 Week Teaching Period - 1,0019n000001yOenAAE,1932-02-27,,,,1932-01-12,Study Period,1932-01-12,1931-12-15,,1931-07-03,1932-01-12,1932-01-12,1932-01-20,1932-01-12,1932-01-09,1932-01-12,a0F8q000000JDODEA4,6TP1,6 Week Teaching Period - 1,1932-01-23,2032
[hed__Term__c],a0POm000001Kl3XMAS,U-2023-Session-3A,0019n000001yOenAAE,2023-08-18,,,,2023-07-17,Study Period,2023-07-28,2022-12-12,,,2023-07-28,2023-07-28,2023-07-28,2023-07-28,,2023-07-21,a0F8q000000JDODEA4,SES3A,Session-3A,2023-07-28,2023
[hed__Term__c],a0POm000001Kl3YMAS,U-2029-Flexible Period - 12B,0019n000001yOenAAE,1930-01-31,,,,2029-06-01,Study Period,,,,,,,2029-08-31,,,,a0F8q000000JDODEA4,FP12B,Flexible Period - 12B,2029-08-31,2029
[hed__Term__c],a0POm000001Kl3ZMAS,U-2029-Research Period 1,0019n000001yOenAAE,2029-06-30,,,,2029-01-01,Study Period,1964-01-01,1964-01-01,,,2029-06-30,2029-06-30,2029-06-30,2029-06-30,,1964-01-01,a0F8q000000JDODEA4,R1,Research Period 1,2029-03-31,2029
[hed__Term__c],a0POm000001Kl3aMAC,GP-2023-Semester 2 - 6 Week C,0019n000001yOenAAE,2023-09-01,,,,2023-07-24,Study Period,2023-07-28,2022-12-12,,2022-07-01,2023-07-28,2023-07-28,2023-08-15,2023-07-28,2023-07-21,2023-07-24,a0F8q000000JDODEA4,SEM6C,Semester 2 - 6 Week C,2023-08-18,2023
[hed__Term__c],a0POm000001Kl3bMAC,KG-2023-Semester 2 - 6 Week C,0019n000001yOenAAE,2023-09-01,,,,2023-07-24,Study Period,2023-07-28,2022-12-12,,2022-07-01,2023-07-28,2023-07-28,2023-08-15,2023-07-28,2023-07-21,2023-07-24,a0F8q000000JDODEA4,SEM6C,Semester 2 - 6 Week C,2023-08-18,2023
[hed__Term__c],a0POm000001Kl3cMAC,GP-2025-Semester 2 - 6 Week C,0019n000001yOenAAE,2025-08-29,,,,2025-07-21,Study Period,2025-07-25,2024-10-02,,2024-07-01,2025-07-25,2025-07-25,2025-08-12,2025-07-25,2025-07-18,2025-07-21,a0F8q000000JDODEA4,SEM6C,Semester 2 - 6 Week C,2025-08-15,2025
[hed__Term__c],a0POm000001Kl3dMAC,U-2025-Exchange - 1,0019n000001yOenAAE,2025-06-13,,,,2025-02-24,Study Period,1960-01-01,2024-10-02,,,1960-01-01,1960-01-01,2025-05-09,1960-01-01,,2025-04-25,a0F8q000000JDODEA4,XCH-1,Exchange - 1,2025-05-09,2025
[hed__Term__c],a0POm000001Kl3eMAC,U-2025-Session-1B,0019n000001yOenAAE,2025-04-11,,,,2025-03-10,Study Period,2025-03-21,2024-10-02,,,2025-03-21,2025-03-21,2025-03-21,2025-03-21,,2025-03-14,a0F8q000000JDODEA4,SES1B,Session-1B,2025-03-21,2025
[hed__Term__c],a0POm000001Kl3fMAC,U-2025-Session-2A,0019n000001yOenAAE,2025-05-30,,,,2025-04-28,Study Period,2025-05-09,2024-10-02,,,2025-05-09,2025-05-09,2025-05-09,2025-05-09,,2025-05-02,a0F8q000000JDODEA4,SES2A,Session-2A,2025-05-09,2025
[hed__Term__c],a0POm000001Kl3gMAC,U-2032-College 5 Week TP - 5,0019n000001yOenAAE,1932-07-23,,,,1932-06-21,Study Period,1932-06-25,1931-12-15,,,1932-06-25,1932-06-25,1932-07-02,1932-06-25,,1932-06-21,a0F8q000000JDODEA4,C5TP5,College 5 Week TP - 5,1932-07-02,2032
[hed__Term__c],a0POm000001Kl3hMAC,KG-2032-6 Week Teaching Period - 2,0019n000001yOenAAE,1932-04-23,,,,1932-03-08,Study Period,1932-03-08,1931-12-15,,1931-07-03,1932-03-08,1932-03-08,1932-03-16,1932-03-08,1932-03-05,1932-03-08,a0F8q000000JDODEA4,6TP2,6 Week Teaching Period - 2,1932-03-19,2032
[hed__Term__c],a0POm000001Kl3iMAC,KG-2032-6 Week Teaching Period - 4,0019n000001yOenAAE,1932-08-20,,,,1932-07-05,Study Period,1932-07-10,1931-12-09,,1931-07-03,1932-07-10,1932-07-10,1932-07-14,1932-07-10,1932-07-03,1932-07-06,a0F8q000000JDODEA4,6TP4,6 Week Teaching Period - 4,1932-07-17,2032
[hed__Term__c],a0POm000001Kl3jMAC,U-2032-Flexible Period - 01B,0019n000001yOenAAE,1932-07-30,,,,1932-01-01,Study Period,,,,,,,1932-03-30,,,,a0F8q000000JDODEA4,FP01B,Flexible Period - 01B,1932-03-30,2032
[hed__Term__c],a0POm000001Kl3kMAC,U-2032-Flexible Period - 02B,0019n000001yOenAAE,1932-07-30,,,,1932-01-01,Study Period,,,,,,,1932-03-30,,,,a0F8q000000JDODEA4,FP02B,Flexible Period - 02B,1932-03-30,2032
[hed__Term__c],a0POm000001Kl3lMAC,U-2025-Session 1,0019n000001yOenAAE,2025-04-11,,,,2025-02-03,Study Period,2025-02-28,2024-10-02,,,2025-02-28,2025-02-28,2025-02-28,2025-02-28,,2025-02-07,a0F8q000000JDODEA4,SES1,Session 1,2025-02-28,2025
[hed__Term__c],a0POm000001Kl3mMAC,CBR-2023-Flexible Period - 01B,0019n000001yOenAAE,2023-07-31,,,,2023-01-01,Study Period,,,,,,,2023-03-31,,,,a0F8q000000JDODEA4,FP01B,Flexible Period - 01B,2023-03-31,2023
[hed__Term__c],a0POm000001Kl3nMAC,CBR-2023-Flexible Period - 10B,0019n000001yOenAAE,2024-01-31,,,,2023-06-01,Study Period,,,,,,,2023-08-31,,,,a0F8q000000JDODEA4,FP10B,Flexible Period - 10B,2023-08-31,2023
[hed__Term__c],a0POm000001Kl3oMAC,CBR-2023-Flexible Period - 12B,0019n000001yOenAAE,2024-01-31,,,,2023-06-01,Study Period,,,,,,,2023-08-31,,,,a0F8q000000JDODEA4,FP12B,Flexible Period - 12B,2023-08-31,2023
[hed__Term__c],a0POm000001KniYMAS,MA1-2008-Semester 1,0019n000001yOenAAE,2008-06-24,,,,2008-02-25,Study Period,2008-03-07,2007-10-08,,,2008-03-21,2008-03-21,2008-06-24,2008-03-21,,2008-03-07,a0F8q000000JDODEA4,SEM-1,Semester 1,2008-03-21,2008
[hed__Term__c],a0POm000001KniZMAS,PNG-2008-Semester 1,0019n000001yOenAAE,2008-06-24,,,,2008-02-25,Study Period,2008-03-07,2007-10-08,,,2008-03-21,2008-03-21,2008-06-24,2008-03-21,,2008-03-07,a0F8q000000JDODEA4,SEM-1,Semester 1,2008-03-21,2008
[hed__Term__c],a0POm000001KniaMAC,U-2008-5 Week Teaching Period - 1,0019n000001yOenAAE,2008-02-08,,,,2008-01-07,Study Period,,,,,,,,,,,a0F8q000000JDODEA4,5TP1,5 Week Teaching Period - 1,2008-01-18,2008
[hed__Term__c],a0POm000001KnibMAC,U-2008-5 Week Teaching Period - 2,0019n000001yOenAAE,2008-03-14,,,,2008-02-11,Study Period,,,,,,,,,,,a0F8q000000JDODEA4,5TP2,5 Week Teaching Period - 2,2008-02-22,2008
[hed__Term__c],a0POm000001KnicMAC,U-2008-5 Week Teaching Period - 4,0019n000001yOenAAE,2008-06-06,,,,2008-05-06,Study Period,,,,,,,,,,,a0F8q000000JDODEA4,5TP4,5 Week Teaching Period - 4,2008-05-16,2008
[hed__Term__c],a0POm000001KnidMAC,U-2008-6 Week Teaching Period - 1,0019n000001yOenAAE,2008-02-23,,,,2008-01-07,Study Period,,,,,,,,,,,a0F8q000000JDODEA4,6TP1,6 Week Teaching Period - 1,2008-01-18,2008
[hed__Term__c],a0POm000001KnieMAC,CAD-2009-6 Week Teaching Period - 5,0019n000001yOenAAE,2009-10-24,,,,2009-09-07,Study Period,2009-09-07,2008-10-06,,,2009-09-18,2009-09-18,2009-10-24,2009-09-18,,2009-09-07,a0F8q000000JDODEA4,6TP5,6 Week Teaching Period - 5,2009-09-18,2009
[hed__Term__c],a0POm000001KnifMAC,CAD-2009-6 Week Teaching Period - 6,0019n000001yOenAAE,2009-12-19,,,,2009-11-02,Study Period,2009-11-02,2008-10-06,,,2009-11-13,2009-11-13,2009-12-19,2009-11-13,,2009-11-02,a0F8q000000JDODEA4,6TP6,6 Week Teaching Period - 6,2009-11-27,2009
[hed__Term__c],a0POm000001KnigMAC,CB-2009-Semester 1,0019n000001yOenAAE,2009-06-23,,,,2009-02-23,Study Period,2009-03-06,2008-10-06,,,2009-03-20,2009-03-20,2009-06-23,2009-03-20,,2009-03-06,a0F8q000000JDODEA4,SEM-1,Semester 1,2009-03-20,2009
[hed__Term__c],a0POm000001KnihMAC,DMO-2009-6 Week Teaching Period - 5,0019n000001yOenAAE,2009-10-24,,,,2009-09-07,Study Period,2009-09-07,2008-10-06,,,2009-09-18,2009-09-18,2009-10-24,2009-09-18,,2009-09-07,a0F8q000000JDODEA4,6TP5,6 Week Teaching Period - 5,2009-09-18,2009
[hed__Term__c],a0POm000001KniiMAC,DMO-2009-Semester 1,0019n000001yOenAAE,2009-06-23,,,,2009-02-23,Study Period,2009-03-06,2008-10-06,,,2009-03-20,2009-03-20,2009-06-23,2009-03-20,,2009-03-06,a0F8q000000JDODEA4,SEM-1,Semester 1,2009-03-20,2009
[hed__Term__c],a0POm000001KnijMAC,H1-2009-Semester 2,0019n000001yOenAAE,2009-11-14,,,,2009-07-20,Study Period,2009-07-31,2008-10-06,,,2009-08-14,2009-08-14,2009-11-14,2009-08-14,,2009-07-31,a0F8q000000JDODEA4,SEM-2,Semester 2,2009-08-14,2009
[hed__Term__c],a0POm000001KnikMAC,KG-2009-13 Week Teaching Period - 2,0019n000001yOenAAE,2009-10-12,,,,2009-06-22,Study Period,2009-07-03,2008-10-06,,,2009-07-17,2009-07-17,2009-10-12,2009-07-17,,2009-07-03,a0F8q000000JDODEA4,13TP2,13 Week Teaching Period - 2,2009-07-17,2009
[hed__Term__c],a0POm000001KnilMAC,KG-2009-13 Week Teaching Period - 3,0019n000001yOenAAE,2010-02-15,,,,2009-10-19,Study Period,2009-10-30,2008-10-06,,,2009-11-13,2009-11-13,2010-02-15,2009-11-13,,2009-10-30,a0F8q000000JDODEA4,13TP3,13 Week Teaching Period - 3,2009-11-27,2009
[hed__Term__c],a0POm000001KnimMAC,KG-2009-5 Week Teaching Period - 6,0019n000001yOenAAE,2009-08-21,,,,2009-07-20,Study Period,2009-07-20,2008-10-06,,,2009-07-31,2009-07-31,2009-08-21,2009-07-31,,2009-07-20,a0F8q000000JDODEA4,5TP6,5 Week Teaching Period - 6,2009-07-31,2009
[hed__Term__c],a0POm000001KninMAC,KG-2009-6 Week Teaching Period - 6,0019n000001yOenAAE,2009-12-19,,,,2009-11-02,Study Period,2009-11-02,2008-10-06,,,2009-11-13,2009-11-13,2009-12-19,2009-11-13,,2009-11-02,a0F8q000000JDODEA4,6TP6,6 Week Teaching Period - 6,2009-11-27,2009
[hed__Term__c],a0POm000001KnioMAC,CAD-2007-6 Week Teaching Period - 5,0019n000001yOenAAE,2007-10-20,,,,2007-09-03,Study Period,2007-09-03,2006-10-09,,,2007-09-14,2007-09-14,2007-10-20,2007-09-14,,2007-09-03,a0F8q000000JDODEA4,6TP5,6 Week Teaching Period - 5,2007-09-14,2007
[hed__Term__c],a0POm000001KnipMAC,CAD-2007-6 Week Teaching Period - 6,0019n000001yOenAAE,2007-12-15,,,,2007-10-29,Study Period,2007-10-29,2006-10-09,,,2007-11-09,2007-11-09,2007-12-15,2007-11-09,,2007-10-29,a0F8q000000JDODEA4,6TP6,6 Week Teaching Period - 6,2007-11-09,2007
[hed__Term__c],a0POm000001KniqMAC,CB-2007-Semester 2,0019n000001yOenAAE,2007-11-17,,,,2007-07-23,Study Period,2007-08-03,2006-10-09,,,2007-08-17,2007-08-17,2007-11-17,2007-08-17,,2007-08-03,a0F8q000000JDODEA4,SEM-2,Semester 2,2007-08-17,2007
[hed__Term__c],a0POm000001KnirMAC,GP-2007-Summer 2,0019n000001yOenAAE,2007-02-24,,,,2007-01-02,Study Period,2007-01-02,2006-10-09,,,2007-01-12,2007-01-12,2007-02-24,2007-01-12,,2007-01-02,a0F8q000000JDODEA4,SUM-2,Summer 2,2007-01-12,2007
[hed__Term__c],a0POm000001KnisMAC,KG-2007-13 Week Teaching Period - 1,0019n000001yOenAAE,2007-06-18,,,,2007-02-26,Study Period,2007-03-09,2006-10-09,,,2007-03-23,2007-03-23,2007-06-18,2007-03-23,,2007-03-09,a0F8q000000JDODEA4,13TP1,13 Week Teaching Period - 1,2007-03-23,2007
[hed__Term__c],a0POm000001KnitMAC,KG-2007-5 Week Teaching Period - 4,0019n000001yOenAAE,2007-06-08,,,,2007-05-08,Study Period,2007-05-08,2006-10-09,,,2007-05-18,2007-05-18,2007-06-08,2007-05-18,,2007-05-08,a0F8q000000JDODEA4,5TP4,5 Week Teaching Period - 4,2007-05-18,2007
[hed__Term__c],a0POm000001KniuMAC,KG-2007-5 Week Teaching Period - 8,0019n000001yOenAAE,2007-11-16,,,,2007-10-15,Study Period,2007-10-15,2006-10-09,,,2007-10-26,2007-10-26,2007-11-16,2007-10-26,,2007-10-15,a0F8q000000JDODEA4,5TP8,5 Week Teaching Period - 8,2007-10-26,2007
[hed__Term__c],a0POm000001KnivMAC,KG-2007-5 Week Teaching Period - 9,0019n000001yOenAAE,2007-12-21,,,,2007-11-19,Study Period,2007-11-19,2006-10-09,,,2007-11-30,2007-11-30,2007-12-21,2007-11-30,,2007-11-19,a0F8q000000JDODEA4,5TP9,5 Week Teaching Period - 9,2007-11-30,2007
[hed__Term__c],a0POm000001KniwMAC,KG-2007-6 Week Teaching Period - 1,0019n000001yOenAAE,2007-02-24,,,,2007-01-08,Study Period,2007-01-08,2006-10-09,,,2007-01-19,2007-01-19,2007-02-24,2007-01-19,,2007-01-08,a0F8q000000JDODEA4,6TP1,6 Week Teaching Period - 1,2007-01-19,2007
[hed__Term__c],a0POm000001KnixMAC,U-2007-5 Week Teaching Period - 2,0019n000001yOenAAE,2007-03-16,,,,2007-02-12,Study Period,,,,,,,,,,,a0F8q000000JDODEA4,5TP2,5 Week Teaching Period - 2,2007-02-23,2007
[hed__Term__c],a0POm000001KniyMAC,U-2007-5 Week Teaching Period - 5,0019n000001yOenAAE,2007-07-13,,,,2007-06-12,Study Period,,,,,,,,,,,a0F8q000000JDODEA4,5TP5,5 Week Teaching Period - 5,2007-06-22,2007
[hed__Term__c],a0POm000001KnizMAC,U-2007-5 Week Teaching Period - 7,0019n000001yOenAAE,2007-10-05,,,,2007-09-03,Study Period,,,,,,,,,,,a0F8q000000JDODEA4,5TP7,5 Week Teaching Period - 7,2007-09-14,2007
[hed__Term__c],a0POm000001Knj0MAC,U-2007-Summer 1,0019n000001yOenAAE,2008-01-04,,,,2007-11-19,Study Period,,,,,,,,,,,a0F8q000000JDODEA4,SUM-1,Summer 1,2007-11-30,2007
[hed__Term__c],a0POm000001Knj1MAC,U-2007-Exchange - 1,0019n000001yOenAAE,2007-06-22,,,,2007-03-05,Study Period,,,,,,,,,,,a0F8q000000JDODEA4,XCH-1,Exchange - 1,2007-04-30,2007
[hed__Term__c],a0POm000001Knj2MAC,U-2006-12 Week Teaching Period - 1,0019n000001yOenAAE,2006-06-09,,,,2006-03-20,Study Period,,,,,,,,,,,a0F8q000000JDODEA4,12TP1,12 Week Teaching Period - 1,2006-04-14,2006
[hed__Term__c],a0POm000001Knj3MAC,U-2006-12 Week Teaching Period - 2,0019n000001yOenAAE,2006-10-06,,,,2006-07-17,Study Period,,,,,,,,,,,a0F8q000000JDODEA4,12TP2,12 Week Teaching Period - 2,2006-08-11,2006
[hed__Term__c],a0POm000001Knj4MAC,U-2006-Exchange - 1,0019n000001yOenAAE,2006-06-23,,,,2006-03-06,Study Period,,,,,,,,,,,a0F8q000000JDODEA4,XCH-1,Exchange - 1,2006-04-30,2006